timestamp,cpu,delta_cpu,delta_t,rate,is_local_max,is_spike
2026-06-13T17:49:52.699000,0.00,0.00,0.00,0.00,0,0
2026-06-13T17:49:52.919000,0.00,0.00,0.22,0.00,0,0
2026-06-13T17:49:53.118000,0.00,0.00,0.20,0.00,0,0
2026-06-13T17:49:53.321000,0.00,0.00,0.20,0.00,0,0
2026-06-13T17:49:53.545000,0.00,0.00,0.22,0.00,0,0
2026-06-13T17:49:53.772000,0.00,0.00,0.23,0.00,0,0
2026-06-13T17:49:53.980000,0.00,0.00,0.21,0.00,0,0
2026-06-13T17:49:54.184000,0.00,0.00,0.20,0.00,0,0
2026-06-13T17:49:54.384000,0.00,0.00,0.20,0.00,0,0
2026-06-13T17:49:54.579000,0.00,0.00,0.20,0.00,0,0
2026-06-13T17:49:54.797000,0.00,0.00,0.22,0.00,0,0
2026-06-13T17:49:54.998000,0.00,0.00,0.20,0.00,0,0
2026-06-13T17:49:55.233000,0.00,0.00,0.23,0.00,0,0
2026-06-13T17:49:55.432000,0.00,0.00,0.20,0.00,0,0
2026-06-13T17:49:55.630000,18.80,18.80,0.20,94.95,1,1
2026-06-13T17:49:55.829000,0.00,-18.80,0.20,-94.47,0,0
2026-06-13T17:49:56.042000,0.00,0.00,0.21,0.00,0,0
2026-06-13T17:49:56.264000,0.00,0.00,0.22,0.00,0,0
2026-06-13T17:49:56.508000,0.00,0.00,0.24,0.00,0,0
2026-06-13T17:49:56.706000,0.00,0.00,0.20,0.00,0,0
2026-06-13T17:49:56.902000,0.00,0.00,0.20,0.00,0,0
2026-06-13T17:49:57.108000,0.00,0.00,0.21,0.00,0,0
2026-06-13T17:49:57.305000,0.00,0.00,0.20,0.00,0,0
2026-06-13T17:49:57.503000,0.00,0.00,0.20,0.00,0,0
2026-06-13T17:49:57.705000,0.00,0.00,0.20,0.00,0,0
2026-06-13T17:49:57.903000,0.00,0.00,0.20,0.00,0,0
2026-06-13T17:49:58.101000,0.00,0.00,0.20,0.00,0,0
2026-06-13T17:49:58.307000,0.00,0.00,0.21,0.00,0,0
2026-06-13T17:49:58.500000,0.00,0.00,0.19,0.00,0,0
2026-06-13T17:49:58.700000,18.80,18.80,0.20,94.00,1,1
2026-06-13T17:49:58.919000,0.00,-18.80,0.22,-85.84,0,0
2026-06-13T17:49:59.121000,0.00,0.00,0.20,0.00,0,0
2026-06-13T17:49:59.319000,0.00,0.00,0.20,0.00,0,0
2026-06-13T17:49:59.513000,0.00,0.00,0.19,0.00,0,0
2026-06-13T17:49:59.710000,0.00,0.00,0.20,0.00,0,0
2026-06-13T17:49:59.920000,0.00,0.00,0.21,0.00,0,0
2026-06-13T17:50:00.128000,0.00,0.00,0.21,0.00,0,0
2026-06-13T17:50:00.335000,0.00,0.00,0.21,0.00,0,0
2026-06-13T17:50:00.531000,0.00,0.00,0.20,0.00,0,0
2026-06-13T17:50:00.734000,0.00,0.00,0.20,0.00,0,0
2026-06-13T17:50:00.930000,0.00,0.00,0.20,0.00,0,0
2026-06-13T17:50:01.131000,0.00,0.00,0.20,0.00,0,0
2026-06-13T17:50:01.334000,0.00,0.00,0.20,0.00,0,0
2026-06-13T17:50:01.528000,0.00,0.00,0.19,0.00,0,0
2026-06-13T17:50:01.723000,0.00,0.00,0.20,0.00,0,0
2026-06-13T17:50:01.923000,0.00,0.00,0.20,0.00,0,0
2026-06-13T17:50:02.126000,0.00,0.00,0.20,0.00,0,0
2026-06-13T17:50:02.325000,0.00,0.00,0.20,0.00,0,0
2026-06-13T17:50:02.524000,0.00,0.00,0.20,0.00,0,0
2026-06-13T17:50:02.714000,0.00,0.00,0.19,0.00,0,0
2026-06-13T17:50:02.912000,0.00,0.00,0.20,0.00,0,0
2026-06-13T17:50:03.111000,0.00,0.00,0.20,0.00,0,0
2026-06-13T17:50:03.309000,0.00,0.00,0.20,0.00,0,0
2026-06-13T17:50:03.503000,0.00,0.00,0.19,0.00,0,0
2026-06-13T17:50:03.711000,0.00,0.00,0.21,0.00,0,0
2026-06-13T17:50:03.932000,0.00,0.00,0.22,0.00,0,0
2026-06-13T17:50:04.123000,0.00,0.00,0.19,0.00,0,0
2026-06-13T17:50:04.325000,0.00,0.00,0.20,0.00,0,0
2026-06-13T17:50:04.519000,0.00,0.00,0.19,0.00,0,0
2026-06-13T17:50:04.721000,9.40,9.40,0.20,46.53,1,1
2026-06-13T17:50:04.925000,0.00,-9.40,0.20,-46.08,0,0
2026-06-13T17:50:05.121000,0.00,0.00,0.20,0.00,0,0
2026-06-13T17:50:05.323000,0.00,0.00,0.20,0.00,0,0
2026-06-13T17:50:05.518000,0.00,0.00,0.20,0.00,0,0
2026-06-13T17:50:05.713000,0.00,0.00,0.20,0.00,0,0
2026-06-13T17:50:05.904000,0.00,0.00,0.19,0.00,0,0
2026-06-13T17:50:06.095000,0.00,0.00,0.19,0.00,0,0
2026-06-13T17:50:06.288000,0.00,0.00,0.19,0.00,0,0
2026-06-13T17:50:06.489000,0.00,0.00,0.20,0.00,0,0
2026-06-13T17:50:06.688000,0.00,0.00,0.20,0.00,0,0
2026-06-13T17:50:06.895000,0.00,0.00,0.21,0.00,0,0
2026-06-13T17:50:07.090000,0.00,0.00,0.20,0.00,0,0
2026-06-13T17:50:07.285000,0.00,0.00,0.20,0.00,0,0
2026-06-13T17:50:07.481000,0.00,0.00,0.20,0.00,0,0
2026-06-13T17:50:07.669000,9.50,9.50,0.19,50.53,1,1
2026-06-13T17:50:07.861000,0.00,-9.50,0.19,-49.48,0,0
2026-06-13T17:50:08.055000,9.50,9.50,0.19,48.97,1,1
2026-06-13T17:50:08.250000,0.00,-9.50,0.20,-48.72,0,0
2026-06-13T17:50:08.451000,0.00,0.00,0.20,0.00,0,0
2026-06-13T17:50:08.647000,0.00,0.00,0.20,0.00,0,0
2026-06-13T17:50:08.838000,0.00,0.00,0.19,0.00,0,0
2026-06-13T17:50:09.036000,0.00,0.00,0.20,0.00,0,0
2026-06-13T17:50:09.225000,0.00,0.00,0.19,0.00,0,0
2026-06-13T17:50:09.418000,0.00,0.00,0.19,0.00,0,0
2026-06-13T17:50:09.607000,0.00,0.00,0.19,0.00,0,0
2026-06-13T17:50:09.798000,0.00,0.00,0.19,0.00,0,0
2026-06-13T17:50:09.992000,0.00,0.00,0.19,0.00,0,0
2026-06-13T17:50:10.194000,0.00,0.00,0.20,0.00,0,0
2026-06-13T17:50:10.397000,0.00,0.00,0.20,0.00,0,0
2026-06-13T17:50:10.596000,0.00,0.00,0.20,0.00,0,0
2026-06-13T17:50:10.794000,19.00,19.00,0.20,95.96,1,1
2026-06-13T17:50:10.991000,0.00,-19.00,0.20,-96.45,0,0
2026-06-13T17:50:11.202000,9.40,9.40,0.21,44.55,1,1
2026-06-13T17:50:11.400000,0.00,-9.40,0.20,-47.47,0,0
2026-06-13T17:50:11.594000,0.00,0.00,0.19,0.00,0,0
2026-06-13T17:50:11.788000,0.00,0.00,0.19,0.00,0,0
2026-06-13T17:50:11.980000,0.00,0.00,0.19,0.00,0,0
2026-06-13T17:50:12.192000,0.00,0.00,0.21,0.00,0,0
2026-06-13T17:50:12.407000,0.00,0.00,0.21,0.00,0,0
2026-06-13T17:50:12.606000,0.00,0.00,0.20,0.00,0,0
2026-06-13T17:50:12.805000,0.00,0.00,0.20,0.00,0,0
2026-06-13T17:50:13.018000,0.00,0.00,0.21,0.00,0,0
2026-06-13T17:50:13.231000,0.00,0.00,0.21,0.00,0,0
2026-06-13T17:50:13.440000,0.00,0.00,0.21,0.00,0,0
2026-06-13T17:50:13.647000,0.00,0.00,0.21,0.00,0,0
2026-06-13T17:50:13.909000,0.00,0.00,0.26,0.00,0,0
2026-06-13T17:50:14.288000,0.00,0.00,0.38,0.00,0,0
2026-06-13T17:50:14.538000,0.00,0.00,0.25,0.00,0,0
2026-06-13T17:50:14.746000,0.00,0.00,0.21,0.00,0,0
2026-06-13T17:50:14.957000,0.00,0.00,0.21,0.00,0,0
2026-06-13T17:50:15.170000,0.00,0.00,0.21,0.00,0,0
2026-06-13T17:50:15.383000,0.00,0.00,0.21,0.00,0,0
2026-06-13T17:50:15.605000,0.00,0.00,0.22,0.00,0,0
2026-06-13T17:50:15.810000,0.00,0.00,0.20,0.00,0,0
2026-06-13T17:50:16.028000,0.00,0.00,0.22,0.00,0,0
2026-06-13T17:50:16.228000,0.00,0.00,0.20,0.00,0,0
2026-06-13T17:50:16.431000,0.00,0.00,0.20,0.00,0,0
2026-06-13T17:50:16.642000,0.00,0.00,0.21,0.00,0,0
2026-06-13T17:50:16.855000,9.30,9.30,0.21,43.66,1,1
2026-06-13T17:50:17.110000,0.00,-9.30,0.26,-36.47,0,0
2026-06-13T17:50:17.315000,0.00,0.00,0.20,0.00,0,0
2026-06-13T17:50:17.531000,0.00,0.00,0.22,0.00,0,0
2026-06-13T17:50:17.740000,0.00,0.00,0.21,0.00,0,0
2026-06-13T17:50:17.946000,0.00,0.00,0.21,0.00,0,0
2026-06-13T17:50:18.149000,0.00,0.00,0.20,0.00,0,0
2026-06-13T17:50:18.366000,0.00,0.00,0.22,0.00,0,0
2026-06-13T17:50:18.572000,0.00,0.00,0.21,0.00,0,0
2026-06-13T17:50:18.791000,0.00,0.00,0.22,0.00,0,0
2026-06-13T17:50:18.999000,0.00,0.00,0.21,0.00,0,0
2026-06-13T17:50:19.202000,0.00,0.00,0.20,0.00,0,0
2026-06-13T17:50:19.410000,0.00,0.00,0.21,0.00,0,0
2026-06-13T17:50:19.632000,0.00,0.00,0.22,0.00,0,0
2026-06-13T17:50:19.842000,19.30,19.30,0.21,91.90,1,1
2026-06-13T17:50:20.054000,0.00,-19.30,0.21,-91.04,0,0
2026-06-13T17:50:20.260000,0.00,0.00,0.21,0.00,0,0
2026-06-13T17:50:20.478000,0.00,0.00,0.22,0.00,0,0
2026-06-13T17:50:20.701000,0.00,0.00,0.22,0.00,0,0
2026-06-13T17:50:20.910000,0.00,0.00,0.21,0.00,0,0
2026-06-13T17:50:21.122000,0.00,0.00,0.21,0.00,0,0
2026-06-13T17:50:21.326000,0.00,0.00,0.20,0.00,0,0
2026-06-13T17:50:21.542000,0.00,0.00,0.22,0.00,0,0
2026-06-13T17:50:21.743000,0.00,0.00,0.20,0.00,0,0
2026-06-13T17:50:21.947000,0.00,0.00,0.20,0.00,0,0
2026-06-13T17:50:22.157000,0.00,0.00,0.21,0.00,0,0
2026-06-13T17:50:22.365000,0.00,0.00,0.21,0.00,0,0
2026-06-13T17:50:22.586000,0.00,0.00,0.22,0.00,0,0
2026-06-13T17:50:22.789000,0.00,0.00,0.20,0.00,0,0
2026-06-13T17:50:23.008000,0.00,0.00,0.22,0.00,0,0
2026-06-13T17:50:23.211000,0.00,0.00,0.20,0.00,0,0
2026-06-13T17:50:23.419000,0.00,0.00,0.21,0.00,0,0
2026-06-13T17:50:23.622000,0.00,0.00,0.20,0.00,0,0
2026-06-13T17:50:23.833000,0.00,0.00,0.21,0.00,0,0
2026-06-13T17:50:24.047000,0.00,0.00,0.21,0.00,0,0
2026-06-13T17:50:24.335000,0.00,0.00,0.29,0.00,0,0
2026-06-13T17:50:24.617000,0.00,0.00,0.28,0.00,0,0
2026-06-13T17:50:24.835000,0.00,0.00,0.22,0.00,0,0
2026-06-13T17:50:25.060000,0.00,0.00,0.23,0.00,0,0
2026-06-13T17:50:25.268000,0.00,0.00,0.21,0.00,0,0
2026-06-13T17:50:25.477000,0.00,0.00,0.21,0.00,0,0
2026-06-13T17:50:25.691000,0.00,0.00,0.21,0.00,0,0
2026-06-13T17:50:25.935000,9.20,9.20,0.24,37.70,1,1
2026-06-13T17:50:26.152000,0.00,-9.20,0.22,-42.40,0,0
2026-06-13T17:50:26.377000,0.00,0.00,0.23,0.00,0,0
2026-06-13T17:50:26.596000,0.00,0.00,0.22,0.00,0,0
2026-06-13T17:50:26.801000,9.50,9.50,0.20,46.34,1,1
2026-06-13T17:50:27.011000,0.00,-9.50,0.21,-45.24,0,0
2026-06-13T17:50:27.218000,0.00,0.00,0.21,0.00,0,0
2026-06-13T17:50:27.435000,0.00,0.00,0.22,0.00,0,0
2026-06-13T17:50:27.642000,0.00,0.00,0.21,0.00,0,0
2026-06-13T17:50:27.850000,0.00,0.00,0.21,0.00,0,0
2026-06-13T17:50:28.054000,0.00,0.00,0.20,0.00,0,0
2026-06-13T17:50:28.269000,0.00,0.00,0.21,0.00,0,0
2026-06-13T17:50:28.492000,0.00,0.00,0.22,0.00,0,0
2026-06-13T17:50:28.697000,0.00,0.00,0.20,0.00,0,0
2026-06-13T17:50:28.915000,18.80,18.80,0.22,86.24,1,1
2026-06-13T17:50:29.132000,0.00,-18.80,0.22,-86.64,0,0
2026-06-13T17:50:29.344000,0.00,0.00,0.21,0.00,0,0
2026-06-13T17:50:29.556000,0.00,0.00,0.21,0.00,0,0
2026-06-13T17:50:29.770000,0.00,0.00,0.21,0.00,0,0
2026-06-13T17:50:29.977000,0.00,0.00,0.21,0.00,0,0
2026-06-13T17:50:30.181000,0.00,0.00,0.20,0.00,0,0
2026-06-13T17:50:30.391000,0.00,0.00,0.21,0.00,0,0
2026-06-13T17:50:30.602000,0.00,0.00,0.21,0.00,0,0
2026-06-13T17:50:30.816000,0.00,0.00,0.21,0.00,0,0
2026-06-13T17:50:31.027000,0.00,0.00,0.21,0.00,0,0
2026-06-13T17:50:31.230000,0.00,0.00,0.20,0.00,0,0
2026-06-13T17:50:31.423000,0.00,0.00,0.19,0.00,0,0
2026-06-13T17:50:31.640000,0.00,0.00,0.22,0.00,0,0
2026-06-13T17:50:31.850000,0.00,0.00,0.21,0.00,0,0
2026-06-13T17:50:32.060000,0.00,0.00,0.21,0.00,0,0
2026-06-13T17:50:32.268000,0.00,0.00,0.21,0.00,0,0
2026-06-13T17:50:32.479000,0.00,0.00,0.21,0.00,0,0
2026-06-13T17:50:32.687000,0.00,0.00,0.21,0.00,0,0
2026-06-13T17:50:32.890000,0.00,0.00,0.20,0.00,0,0
2026-06-13T17:50:33.082000,0.00,0.00,0.19,0.00,0,0
2026-06-13T17:50:33.281000,0.00,0.00,0.20,0.00,0,0
2026-06-13T17:50:33.479000,0.00,0.00,0.20,0.00,0,0
2026-06-13T17:50:33.693000,0.00,0.00,0.21,0.00,0,0
2026-06-13T17:50:33.899000,0.00,0.00,0.21,0.00,0,0
2026-06-13T17:50:34.098000,0.00,0.00,0.20,0.00,0,0
2026-06-13T17:50:34.311000,0.00,0.00,0.21,0.00,0,0
2026-06-13T17:50:34.520000,0.00,0.00,0.21,0.00,0,0
2026-06-13T17:50:34.725000,0.00,0.00,0.20,0.00,0,0
2026-06-13T17:50:34.933000,18.60,18.60,0.21,89.42,1,1
2026-06-13T17:50:35.136000,0.00,-18.60,0.20,-91.63,0,0
2026-06-13T17:50:35.343000,0.00,0.00,0.21,0.00,0,0
2026-06-13T17:50:35.537000,0.00,0.00,0.19,0.00,0,0
2026-06-13T17:50:35.738000,0.00,0.00,0.20,0.00,0,0
2026-06-13T17:50:35.942000,0.00,0.00,0.20,0.00,0,0
2026-06-13T17:50:36.143000,9.40,9.40,0.20,46.77,1,1
2026-06-13T17:50:36.350000,0.00,-9.40,0.21,-45.41,0,0
2026-06-13T17:50:36.547000,0.00,0.00,0.20,0.00,0,0
2026-06-13T17:50:36.749000,0.00,0.00,0.20,0.00,0,0
2026-06-13T17:50:36.952000,0.00,0.00,0.20,0.00,0,0
2026-06-13T17:50:37.150000,0.00,0.00,0.20,0.00,0,0
2026-06-13T17:50:37.369000,0.00,0.00,0.22,0.00,0,0
2026-06-13T17:50:37.581000,0.00,0.00,0.21,0.00,0,0
2026-06-13T17:50:37.785000,0.00,0.00,0.20,0.00,0,0
2026-06-13T17:50:37.982000,9.40,9.40,0.20,47.72,1,1
2026-06-13T17:50:38.210000,0.00,-9.40,0.23,-41.23,0,0
2026-06-13T17:50:38.426000,0.00,0.00,0.22,0.00,0,0
2026-06-13T17:50:38.650000,0.00,0.00,0.22,0.00,0,0
2026-06-13T17:50:38.862000,0.00,0.00,0.21,0.00,0,0
2026-06-13T17:50:39.065000,0.00,0.00,0.20,0.00,0,0
2026-06-13T17:50:39.264000,0.00,0.00,0.20,0.00,0,0
2026-06-13T17:50:39.468000,0.00,0.00,0.20,0.00,0,0
2026-06-13T17:50:39.672000,0.00,0.00,0.20,0.00,0,0
2026-06-13T17:50:39.886000,0.00,0.00,0.21,0.00,0,0
2026-06-13T17:50:40.100000,0.00,0.00,0.21,0.00,0,0
2026-06-13T17:50:40.305000,0.00,0.00,0.20,0.00,0,0
2026-06-13T17:50:40.534000,0.00,0.00,0.23,0.00,0,0
2026-06-13T17:50:40.750000,0.00,0.00,0.22,0.00,0,0
2026-06-13T17:50:40.958000,0.00,0.00,0.21,0.00,0,0
2026-06-13T17:50:41.167000,0.00,0.00,0.21,0.00,0,0
2026-06-13T17:50:41.377000,0.00,0.00,0.21,0.00,0,0
2026-06-13T17:50:41.585000,0.00,0.00,0.21,0.00,0,0
2026-06-13T17:50:41.796000,0.00,0.00,0.21,0.00,0,0
2026-06-13T17:50:41.991000,0.00,0.00,0.20,0.00,0,0
2026-06-13T17:50:42.209000,0.00,0.00,0.22,0.00,0,0
2026-06-13T17:50:42.420000,0.00,0.00,0.21,0.00,0,0
2026-06-13T17:50:42.626000,0.00,0.00,0.21,0.00,0,0
2026-06-13T17:50:42.835000,0.00,0.00,0.21,0.00,0,0
2026-06-13T17:50:43.045000,0.00,0.00,0.21,0.00,0,0
2026-06-13T17:50:43.261000,0.00,0.00,0.22,0.00,0,0
2026-06-13T17:50:43.477000,0.00,0.00,0.22,0.00,0,0
2026-06-13T17:50:43.680000,0.00,0.00,0.20,0.00,0,0
2026-06-13T17:50:43.895000,0.00,0.00,0.21,0.00,0,0
2026-06-13T17:50:44.101000,19.30,19.30,0.21,93.69,1,1
2026-06-13T17:50:44.306000,0.00,-19.30,0.20,-94.15,0,0
2026-06-13T17:50:44.514000,0.00,0.00,0.21,0.00,0,0
2026-06-13T17:50:44.714000,0.00,0.00,0.20,0.00,0,0
2026-06-13T17:50:44.919000,0.00,0.00,0.20,0.00,0,0
2026-06-13T17:50:45.127000,0.00,0.00,0.21,0.00,0,0
2026-06-13T17:50:45.337000,0.00,0.00,0.21,0.00,0,0
2026-06-13T17:50:45.544000,0.00,0.00,0.21,0.00,0,0
2026-06-13T17:50:45.742000,0.00,0.00,0.20,0.00,0,0
2026-06-13T17:50:45.946000,0.00,0.00,0.20,0.00,0,0
2026-06-13T17:50:46.159000,0.00,0.00,0.21,0.00,0,0
2026-06-13T17:50:46.367000,0.00,0.00,0.21,0.00,0,0
2026-06-13T17:50:46.579000,0.00,0.00,0.21,0.00,0,0
2026-06-13T17:50:46.793000,0.00,0.00,0.21,0.00,0,0
2026-06-13T17:50:47.009000,0.00,0.00,0.22,0.00,0,0
2026-06-13T17:50:47.227000,0.00,0.00,0.22,0.00,0,0
2026-06-13T17:50:47.448000,0.00,0.00,0.22,0.00,0,0
2026-06-13T17:50:47.655000,0.00,0.00,0.21,0.00,0,0
2026-06-13T17:50:47.864000,0.00,0.00,0.21,0.00,0,0
2026-06-13T17:50:48.069000,0.00,0.00,0.20,0.00,0,0
2026-06-13T17:50:48.271000,0.00,0.00,0.20,0.00,0,0
2026-06-13T17:50:48.481000,0.00,0.00,0.21,0.00,0,0
2026-06-13T17:50:48.691000,0.00,0.00,0.21,0.00,0,0
2026-06-13T17:50:48.891000,0.00,0.00,0.20,0.00,0,0
2026-06-13T17:50:49.105000,0.00,0.00,0.21,0.00,0,0
2026-06-13T17:50:49.313000,0.00,0.00,0.21,0.00,0,0
2026-06-13T17:50:49.528000,0.00,0.00,0.21,0.00,0,0
2026-06-13T17:50:49.732000,0.00,0.00,0.20,0.00,0,0
2026-06-13T17:50:49.945000,0.00,0.00,0.21,0.00,0,0
2026-06-13T17:50:50.154000,9.20,9.20,0.21,44.02,1,1
2026-06-13T17:50:50.370000,0.00,-9.20,0.22,-42.59,0,0
2026-06-13T17:50:50.574000,0.00,0.00,0.20,0.00,0,0
2026-06-13T17:50:50.788000,0.00,0.00,0.21,0.00,0,0
2026-06-13T17:50:50.991000,0.00,0.00,0.20,0.00,0,0
2026-06-13T17:50:51.200000,0.00,0.00,0.21,0.00,0,0
2026-06-13T17:50:51.414000,0.00,0.00,0.21,0.00,0,0
2026-06-13T17:50:51.627000,0.00,0.00,0.21,0.00,0,0
2026-06-13T17:50:51.839000,0.00,0.00,0.21,0.00,0,0
2026-06-13T17:50:52.053000,0.00,0.00,0.21,0.00,0,0
2026-06-13T17:50:52.252000,0.00,0.00,0.20,0.00,0,0
2026-06-13T17:50:52.461000,0.00,0.00,0.21,0.00,0,0
2026-06-13T17:50:52.668000,0.00,0.00,0.21,0.00,0,0
2026-06-13T17:50:52.875000,0.00,0.00,0.21,0.00,0,0
2026-06-13T17:50:53.087000,0.00,0.00,0.21,0.00,0,0
2026-06-13T17:50:53.309000,0.00,0.00,0.22,0.00,0,0
2026-06-13T17:50:53.522000,0.00,0.00,0.21,0.00,0,0
2026-06-13T17:50:53.731000,0.00,0.00,0.21,0.00,0,0
2026-06-13T17:50:53.934000,0.00,0.00,0.20,0.00,0,0
2026-06-13T17:50:54.134000,0.00,0.00,0.20,0.00,0,0
2026-06-13T17:50:54.343000,0.00,0.00,0.21,0.00,0,0
2026-06-13T17:50:54.546000,0.00,0.00,0.20,0.00,0,0
2026-06-13T17:50:54.748000,0.00,0.00,0.20,0.00,0,0
2026-06-13T17:50:54.964000,0.00,0.00,0.22,0.00,0,0
2026-06-13T17:50:55.180000,0.00,0.00,0.22,0.00,0,0
2026-06-13T17:50:55.397000,0.00,0.00,0.22,0.00,0,0
2026-06-13T17:50:55.601000,0.00,0.00,0.20,0.00,0,0
2026-06-13T17:50:55.821000,0.00,0.00,0.22,0.00,0,0
2026-06-13T17:50:56.040000,0.00,0.00,0.22,0.00,0,0
2026-06-13T17:50:56.257000,9.20,9.20,0.22,42.40,1,1
2026-06-13T17:50:56.487000,0.00,-9.20,0.23,-40.00,0,0
2026-06-13T17:50:56.698000,0.00,0.00,0.21,0.00,0,0
2026-06-13T17:50:56.906000,0.00,0.00,0.21,0.00,0,0
2026-06-13T17:50:57.113000,0.00,0.00,0.21,0.00,0,0
2026-06-13T17:50:57.347000,0.00,0.00,0.23,0.00,0,0
2026-06-13T17:50:57.596000,0.00,0.00,0.25,0.00,0,0
2026-06-13T17:50:57.829000,0.00,0.00,0.23,0.00,0,0
2026-06-13T17:50:58.036000,0.00,0.00,0.21,0.00,0,0
2026-06-13T17:50:58.244000,0.00,0.00,0.21,0.00,0,0
2026-06-13T17:50:58.480000,0.00,0.00,0.24,0.00,0,0
2026-06-13T17:50:58.714000,0.00,0.00,0.23,0.00,0,0
2026-06-13T17:50:58.928000,0.00,0.00,0.21,0.00,0,0
2026-06-13T17:50:59.137000,0.00,0.00,0.21,0.00,0,0
2026-06-13T17:50:59.346000,0.00,0.00,0.21,0.00,0,0
2026-06-13T17:50:59.554000,0.00,0.00,0.21,0.00,0,0
2026-06-13T17:50:59.768000,0.00,0.00,0.21,0.00,0,0
2026-06-13T17:50:59.985000,0.00,0.00,0.22,0.00,0,0
2026-06-13T17:51:00.210000,0.00,0.00,0.23,0.00,0,0
2026-06-13T17:51:00.416000,0.00,0.00,0.21,0.00,0,0
2026-06-13T17:51:00.630000,0.00,0.00,0.21,0.00,0,0
2026-06-13T17:51:00.836000,0.00,0.00,0.21,0.00,0,0
2026-06-13T17:51:01.040000,9.40,9.40,0.20,46.08,0,0
2026-06-13T17:51:01.247000,9.60,0.20,0.21,0.97,1,1
2026-06-13T17:51:01.464000,0.00,-9.60,0.22,-44.24,0,0
2026-06-13T17:51:01.704000,0.00,0.00,0.24,0.00,0,0
2026-06-13T17:51:01.912000,0.00,0.00,0.21,0.00,0,0
2026-06-13T17:51:02.111000,0.00,0.00,0.20,0.00,0,0
2026-06-13T17:51:02.313000,0.00,0.00,0.20,0.00,0,0
2026-06-13T17:51:02.524000,0.00,0.00,0.21,0.00,0,0
2026-06-13T17:51:02.737000,0.00,0.00,0.21,0.00,0,0
2026-06-13T17:51:02.948000,0.00,0.00,0.21,0.00,0,0
2026-06-13T17:51:03.165000,0.00,0.00,0.22,0.00,0,0
2026-06-13T17:51:03.407000,0.00,0.00,0.24,0.00,0,0
2026-06-13T17:51:03.672000,0.00,0.00,0.27,0.00,0,0
2026-06-13T17:51:03.898000,0.00,0.00,0.23,0.00,0,0
2026-06-13T17:51:04.103000,9.50,9.50,0.20,46.34,1,1
2026-06-13T17:51:04.360000,9.50,0.00,0.26,0.00,0,0
2026-06-13T17:51:04.598000,0.00,-9.50,0.24,-39.92,0,0
2026-06-13T17:51:04.819000,0.00,0.00,0.22,0.00,0,0
2026-06-13T17:51:05.055000,0.00,0.00,0.24,0.00,0,0
2026-06-13T17:51:05.266000,0.00,0.00,0.21,0.00,0,0
2026-06-13T17:51:05.474000,0.00,0.00,0.21,0.00,0,0
2026-06-13T17:51:05.688000,0.00,0.00,0.21,0.00,0,0
2026-06-13T17:51:05.893000,0.00,0.00,0.20,0.00,0,0
2026-06-13T17:51:06.105000,0.00,0.00,0.21,0.00,0,0
2026-06-13T17:51:06.345000,0.00,0.00,0.24,0.00,0,0
2026-06-13T17:51:06.558000,0.00,0.00,0.21,0.00,0,0
2026-06-13T17:51:06.764000,0.00,0.00,0.21,0.00,0,0
2026-06-13T17:51:06.977000,0.00,0.00,0.21,0.00,0,0
2026-06-13T17:51:07.192000,0.00,0.00,0.21,0.00,0,0
2026-06-13T17:51:07.404000,0.00,0.00,0.21,0.00,0,0
2026-06-13T17:51:07.614000,0.00,0.00,0.21,0.00,0,0
2026-06-13T17:51:07.828000,0.00,0.00,0.21,0.00,0,0
2026-06-13T17:51:08.040000,0.00,0.00,0.21,0.00,0,0
2026-06-13T17:51:08.258000,0.00,0.00,0.22,0.00,0,0
2026-06-13T17:51:08.469000,0.00,0.00,0.21,0.00,0,0
2026-06-13T17:51:08.687000,0.00,0.00,0.22,0.00,0,0
2026-06-13T17:51:08.890000,0.00,0.00,0.20,0.00,0,0
2026-06-13T17:51:09.099000,0.00,0.00,0.21,0.00,0,0
2026-06-13T17:51:09.314000,0.00,0.00,0.21,0.00,0,0
2026-06-13T17:51:09.516000,0.00,0.00,0.20,0.00,0,0
2026-06-13T17:51:09.717000,0.00,0.00,0.20,0.00,0,0
2026-06-13T17:51:09.921000,0.00,0.00,0.20,0.00,0,0
2026-06-13T17:51:10.127000,0.00,0.00,0.21,0.00,0,0
2026-06-13T17:51:10.336000,37.60,37.60,0.21,179.90,1,1
2026-06-13T17:51:10.550000,0.00,-37.60,0.21,-175.70,0,0
2026-06-13T17:51:10.765000,0.00,0.00,0.21,0.00,0,0
2026-06-13T17:51:10.975000,0.00,0.00,0.21,0.00,0,0
2026-06-13T17:51:11.188000,0.00,0.00,0.21,0.00,0,0
2026-06-13T17:51:11.391000,0.00,0.00,0.20,0.00,0,0
2026-06-13T17:51:11.602000,0.00,0.00,0.21,0.00,0,0
2026-06-13T17:51:11.817000,0.00,0.00,0.21,0.00,0,0
2026-06-13T17:51:12.033000,0.00,0.00,0.22,0.00,0,0
2026-06-13T17:51:12.244000,0.00,0.00,0.21,0.00,0,0
2026-06-13T17:51:12.467000,0.00,0.00,0.22,0.00,0,0
2026-06-13T17:51:12.675000,0.00,0.00,0.21,0.00,0,0
2026-06-13T17:51:12.882000,0.00,0.00,0.21,0.00,0,0
2026-06-13T17:51:13.083000,0.00,0.00,0.20,0.00,0,0
2026-06-13T17:51:13.294000,0.00,0.00,0.21,0.00,0,0
2026-06-13T17:51:13.494000,9.50,9.50,0.20,47.50,1,1
2026-06-13T17:51:13.721000,0.00,-9.50,0.23,-41.85,0,0
2026-06-13T17:51:13.943000,0.00,0.00,0.22,0.00,0,0
2026-06-13T17:51:14.154000,0.00,0.00,0.21,0.00,0,0
2026-06-13T17:51:14.381000,0.00,0.00,0.23,0.00,0,0
2026-06-13T17:51:14.613000,0.00,0.00,0.23,0.00,0,0
2026-06-13T17:51:14.824000,0.00,0.00,0.21,0.00,0,0
2026-06-13T17:51:15.038000,0.00,0.00,0.21,0.00,0,0
2026-06-13T17:51:15.263000,0.00,0.00,0.23,0.00,0,0
2026-06-13T17:51:15.469000,0.00,0.00,0.21,0.00,0,0
2026-06-13T17:51:15.681000,0.00,0.00,0.21,0.00,0,0
2026-06-13T17:51:15.888000,0.00,0.00,0.21,0.00,0,0
2026-06-13T17:51:16.098000,0.00,0.00,0.21,0.00,0,0
2026-06-13T17:51:16.304000,0.00,0.00,0.21,0.00,0,0
2026-06-13T17:51:16.531000,0.00,0.00,0.23,0.00,0,0
2026-06-13T17:51:16.739000,0.00,0.00,0.21,0.00,0,0
2026-06-13T17:51:16.958000,0.00,0.00,0.22,0.00,0,0
2026-06-13T17:51:17.167000,0.00,0.00,0.21,0.00,0,0
2026-06-13T17:51:17.377000,0.00,0.00,0.21,0.00,0,0
2026-06-13T17:51:17.583000,0.00,0.00,0.21,0.00,0,0
2026-06-13T17:51:17.790000,0.00,0.00,0.21,0.00,0,0
2026-06-13T17:51:17.995000,0.00,0.00,0.20,0.00,0,0
2026-06-13T17:51:18.209000,0.00,0.00,0.21,0.00,0,0
2026-06-13T17:51:18.422000,0.00,0.00,0.21,0.00,0,0
2026-06-13T17:51:18.642000,0.00,0.00,0.22,0.00,0,0
2026-06-13T17:51:18.858000,0.00,0.00,0.22,0.00,0,0
2026-06-13T17:51:19.062000,0.00,0.00,0.20,0.00,0,0
2026-06-13T17:51:19.271000,0.00,0.00,0.21,0.00,0,0
2026-06-13T17:51:19.488000,0.00,0.00,0.22,0.00,0,0
2026-06-13T17:51:19.711000,0.00,0.00,0.22,0.00,0,0
2026-06-13T17:51:19.912000,0.00,0.00,0.20,0.00,0,0
2026-06-13T17:51:20.121000,0.00,0.00,0.21,0.00,0,0
2026-06-13T17:51:20.318000,0.00,0.00,0.20,0.00,0,0
2026-06-13T17:51:20.535000,0.00,0.00,0.22,0.00,0,0
2026-06-13T17:51:20.741000,0.00,0.00,0.21,0.00,0,0
2026-06-13T17:51:20.947000,0.00,0.00,0.21,0.00,0,0
2026-06-13T17:51:21.158000,0.00,0.00,0.21,0.00,0,0
2026-06-13T17:51:21.366000,0.00,0.00,0.21,0.00,0,0
2026-06-13T17:51:21.575000,0.00,0.00,0.21,0.00,0,0
2026-06-13T17:51:21.784000,0.00,0.00,0.21,0.00,0,0
2026-06-13T17:51:21.982000,0.00,0.00,0.20,0.00,0,0
2026-06-13T17:51:22.187000,0.00,0.00,0.20,0.00,0,0
2026-06-13T17:51:22.396000,9.50,9.50,0.21,45.45,1,1
2026-06-13T17:51:22.601000,0.00,-9.50,0.20,-46.34,0,0
2026-06-13T17:51:22.808000,18.80,18.80,0.21,90.82,1,1
2026-06-13T17:51:23.022000,0.00,-18.80,0.21,-87.85,0,0
2026-06-13T17:51:23.227000,0.00,0.00,0.20,0.00,0,0
2026-06-13T17:51:23.438000,0.00,0.00,0.21,0.00,0,0
2026-06-13T17:51:23.657000,0.00,0.00,0.22,0.00,0,0
2026-06-13T17:51:23.859000,0.00,0.00,0.20,0.00,0,0
2026-06-13T17:51:24.065000,0.00,0.00,0.21,0.00,0,0
2026-06-13T17:51:24.277000,0.00,0.00,0.21,0.00,0,0
2026-06-13T17:51:24.489000,0.00,0.00,0.21,0.00,0,0
2026-06-13T17:51:24.702000,0.00,0.00,0.21,0.00,0,0
2026-06-13T17:51:24.908000,0.00,0.00,0.21,0.00,0,0
2026-06-13T17:51:25.123000,0.00,0.00,0.21,0.00,0,0
2026-06-13T17:51:25.340000,0.00,0.00,0.22,0.00,0,0
2026-06-13T17:51:25.556000,0.00,0.00,0.22,0.00,0,0
2026-06-13T17:51:25.764000,0.00,0.00,0.21,0.00,0,0
2026-06-13T17:51:25.972000,0.00,0.00,0.21,0.00,0,0
2026-06-13T17:51:26.192000,0.00,0.00,0.22,0.00,0,0
2026-06-13T17:51:26.392000,0.00,0.00,0.20,0.00,0,0
2026-06-13T17:51:26.589000,0.00,0.00,0.20,0.00,0,0
2026-06-13T17:51:26.805000,0.00,0.00,0.22,0.00,0,0
2026-06-13T17:51:27.024000,0.00,0.00,0.22,0.00,0,0
2026-06-13T17:51:27.232000,0.00,0.00,0.21,0.00,0,0
2026-06-13T17:51:27.438000,0.00,0.00,0.21,0.00,0,0
2026-06-13T17:51:27.646000,0.00,0.00,0.21,0.00,0,0
2026-06-13T17:51:27.857000,0.00,0.00,0.21,0.00,0,0
2026-06-13T17:51:28.073000,0.00,0.00,0.22,0.00,0,0
2026-06-13T17:51:28.299000,0.00,0.00,0.23,0.00,0,0
2026-06-13T17:51:28.516000,18.20,18.20,0.22,83.87,1,1
2026-06-13T17:51:28.715000,0.00,-18.20,0.20,-91.46,0,0
2026-06-13T17:51:28.920000,0.00,0.00,0.20,0.00,0,0
2026-06-13T17:51:29.140000,0.00,0.00,0.22,0.00,0,0
2026-06-13T17:51:29.354000,0.00,0.00,0.21,0.00,0,0
2026-06-13T17:51:29.563000,0.00,0.00,0.21,0.00,0,0
2026-06-13T17:51:29.767000,0.00,0.00,0.20,0.00,0,0
2026-06-13T17:51:29.972000,0.00,0.00,0.20,0.00,0,0
2026-06-13T17:51:30.180000,0.00,0.00,0.21,0.00,0,0
2026-06-13T17:51:30.375000,0.00,0.00,0.20,0.00,0,0
2026-06-13T17:51:30.597000,0.00,0.00,0.22,0.00,0,0
2026-06-13T17:51:30.841000,0.00,0.00,0.24,0.00,0,0
2026-06-13T17:51:31.051000,0.00,0.00,0.21,0.00,0,0
2026-06-13T17:51:31.252000,0.00,0.00,0.20,0.00,0,0
2026-06-13T17:51:31.454000,9.50,9.50,0.20,47.03,1,1
2026-06-13T17:51:31.674000,0.00,-9.50,0.22,-43.18,0,0
2026-06-13T17:51:31.877000,0.00,0.00,0.20,0.00,0,0
2026-06-13T17:51:32.076000,0.00,0.00,0.20,0.00,0,0
2026-06-13T17:51:32.296000,0.00,0.00,0.22,0.00,0,0
2026-06-13T17:51:32.511000,0.00,0.00,0.21,0.00,0,0
2026-06-13T17:51:32.715000,0.00,0.00,0.20,0.00,0,0
2026-06-13T17:51:32.932000,0.00,0.00,0.22,0.00,0,0
2026-06-13T17:51:33.131000,0.00,0.00,0.20,0.00,0,0
2026-06-13T17:51:33.336000,0.00,0.00,0.20,0.00,0,0
2026-06-13T17:51:33.535000,0.00,0.00,0.20,0.00,0,0
2026-06-13T17:51:33.733000,0.00,0.00,0.20,0.00,0,0
2026-06-13T17:51:33.928000,0.00,0.00,0.20,0.00,0,0
2026-06-13T17:51:34.135000,0.00,0.00,0.21,0.00,0,0
2026-06-13T17:51:34.344000,0.00,0.00,0.21,0.00,0,0
2026-06-13T17:51:34.571000,18.60,18.60,0.23,81.94,1,1
2026-06-13T17:51:34.769000,0.00,-18.60,0.20,-93.94,0,0
2026-06-13T17:51:34.981000,0.00,0.00,0.21,0.00,0,0
2026-06-13T17:51:35.197000,0.00,0.00,0.22,0.00,0,0
2026-06-13T17:51:35.401000,0.00,0.00,0.20,0.00,0,0
2026-06-13T17:51:35.614000,0.00,0.00,0.21,0.00,0,0
2026-06-13T17:51:35.822000,0.00,0.00,0.21,0.00,0,0
2026-06-13T17:51:36.043000,0.00,0.00,0.22,0.00,0,0
2026-06-13T17:51:36.260000,0.00,0.00,0.22,0.00,0,0
2026-06-13T17:51:36.465000,0.00,0.00,0.20,0.00,0,0
2026-06-13T17:51:36.672000,0.00,0.00,0.21,0.00,0,0
2026-06-13T17:51:36.878000,0.00,0.00,0.21,0.00,0,0
2026-06-13T17:51:37.077000,0.00,0.00,0.20,0.00,0,0
2026-06-13T17:51:37.285000,0.00,0.00,0.21,0.00,0,0
2026-06-13T17:51:37.510000,0.00,0.00,0.23,0.00,0,0
2026-06-13T17:51:37.724000,0.00,0.00,0.21,0.00,0,0
2026-06-13T17:51:37.926000,0.00,0.00,0.20,0.00,0,0
2026-06-13T17:51:38.136000,0.00,0.00,0.21,0.00,0,0
2026-06-13T17:51:38.351000,9.80,9.80,0.21,45.58,1,1
2026-06-13T17:51:38.577000,0.00,-9.80,0.23,-43.36,0,0
2026-06-13T17:51:38.795000,0.00,0.00,0.22,0.00,0,0
2026-06-13T17:51:39.012000,0.00,0.00,0.22,0.00,0,0
2026-06-13T17:51:39.230000,0.00,0.00,0.22,0.00,0,0
2026-06-13T17:51:39.451000,0.00,0.00,0.22,0.00,0,0
2026-06-13T17:51:39.667000,0.00,0.00,0.22,0.00,0,0
2026-06-13T17:51:39.880000,0.00,0.00,0.21,0.00,0,0
2026-06-13T17:51:40.078000,0.00,0.00,0.20,0.00,0,0
2026-06-13T17:51:40.290000,0.00,0.00,0.21,0.00,0,0
2026-06-13T17:51:40.549000,0.00,0.00,0.26,0.00,0,0
2026-06-13T17:51:40.774000,0.00,0.00,0.23,0.00,0,0
2026-06-13T17:51:40.969000,0.00,0.00,0.20,0.00,0,0
2026-06-13T17:51:41.177000,0.00,0.00,0.21,0.00,0,0
2026-06-13T17:51:41.382000,0.00,0.00,0.20,0.00,0,0
2026-06-13T17:51:41.578000,0.00,0.00,0.20,0.00,0,0
2026-06-13T17:51:41.784000,0.00,0.00,0.21,0.00,0,0
2026-06-13T17:51:41.994000,0.00,0.00,0.21,0.00,0,0
2026-06-13T17:51:42.212000,0.00,0.00,0.22,0.00,0,0
2026-06-13T17:51:42.419000,0.00,0.00,0.21,0.00,0,0
2026-06-13T17:51:42.626000,0.00,0.00,0.21,0.00,0,0
2026-06-13T17:51:42.839000,0.00,0.00,0.21,0.00,0,0
2026-06-13T17:51:43.037000,0.00,0.00,0.20,0.00,0,0
2026-06-13T17:51:43.240000,0.00,0.00,0.20,0.00,0,0
2026-06-13T17:51:43.455000,0.00,0.00,0.21,0.00,0,0
2026-06-13T17:51:43.668000,18.20,18.20,0.21,85.45,1,1
2026-06-13T17:51:43.879000,0.00,-18.20,0.21,-86.26,0,0
2026-06-13T17:51:44.089000,0.00,0.00,0.21,0.00,0,0
2026-06-13T17:51:44.302000,0.00,0.00,0.21,0.00,0,0
2026-06-13T17:51:44.527000,0.00,0.00,0.23,0.00,0,0
2026-06-13T17:51:44.740000,0.00,0.00,0.21,0.00,0,0
2026-06-13T17:51:44.958000,0.00,0.00,0.22,0.00,0,0
2026-06-13T17:51:45.168000,0.00,0.00,0.21,0.00,0,0
2026-06-13T17:51:45.378000,0.00,0.00,0.21,0.00,0,0
2026-06-13T17:51:45.610000,0.00,0.00,0.23,0.00,0,0
2026-06-13T17:51:45.824000,0.00,0.00,0.21,0.00,0,0
2026-06-13T17:51:46.048000,0.00,0.00,0.22,0.00,0,0
2026-06-13T17:51:46.261000,0.00,0.00,0.21,0.00,0,0
2026-06-13T17:51:46.485000,0.00,0.00,0.22,0.00,0,0
2026-06-13T17:51:46.694000,9.50,9.50,0.21,45.45,1,1
2026-06-13T17:51:46.911000,0.00,-9.50,0.22,-43.78,0,0
2026-06-13T17:51:47.161000,0.00,0.00,0.25,0.00,0,0
2026-06-13T17:51:47.455000,0.00,0.00,0.29,0.00,0,0
2026-06-13T17:51:47.680000,0.00,0.00,0.23,0.00,0,0
2026-06-13T17:51:47.934000,0.00,0.00,0.25,0.00,0,0
2026-06-13T17:51:48.135000,0.00,0.00,0.20,0.00,0,0
2026-06-13T17:51:48.360000,0.00,0.00,0.23,0.00,0,0
2026-06-13T17:51:48.572000,0.00,0.00,0.21,0.00,0,0
2026-06-13T17:51:48.775000,0.00,0.00,0.20,0.00,0,0
2026-06-13T17:51:48.973000,0.00,0.00,0.20,0.00,0,0
2026-06-13T17:51:49.174000,0.00,0.00,0.20,0.00,0,0
2026-06-13T17:51:49.405000,0.00,0.00,0.23,0.00,0,0
2026-06-13T17:51:49.739000,18.00,18.00,0.33,53.89,1,1
2026-06-13T17:51:49.950000,0.00,-18.00,0.21,-85.31,0,0
2026-06-13T17:51:50.167000,0.00,0.00,0.22,0.00,0,0
2026-06-13T17:51:50.395000,0.00,0.00,0.23,0.00,0,0
2026-06-13T17:51:50.625000,0.00,0.00,0.23,0.00,0,0
2026-06-13T17:51:50.833000,9.40,9.40,0.21,45.19,1,1
2026-06-13T17:51:51.050000,0.00,-9.40,0.22,-43.32,0,0
2026-06-13T17:51:51.260000,0.00,0.00,0.21,0.00,0,0
2026-06-13T17:51:51.476000,0.00,0.00,0.22,0.00,0,0
2026-06-13T17:51:51.684000,0.00,0.00,0.21,0.00,0,0
2026-06-13T17:51:51.890000,0.00,0.00,0.21,0.00,0,0
2026-06-13T17:51:52.091000,0.00,0.00,0.20,0.00,0,0
2026-06-13T17:51:52.297000,0.00,0.00,0.21,0.00,0,0
2026-06-13T17:51:52.512000,0.00,0.00,0.21,0.00,0,0
2026-06-13T17:51:52.722000,9.50,9.50,0.21,45.24,1,1
2026-06-13T17:51:52.929000,0.00,-9.50,0.21,-45.89,0,0
2026-06-13T17:51:53.140000,0.00,0.00,0.21,0.00,0,0
2026-06-13T17:51:53.360000,0.00,0.00,0.22,0.00,0,0
2026-06-13T17:51:53.574000,0.00,0.00,0.21,0.00,0,0
2026-06-13T17:51:53.782000,0.00,0.00,0.21,0.00,0,0
2026-06-13T17:51:54.001000,9.60,9.60,0.22,43.84,1,1
2026-06-13T17:51:54.225000,0.00,-9.60,0.22,-42.86,0,0
2026-06-13T17:51:54.433000,0.00,0.00,0.21,0.00,0,0
2026-06-13T17:51:54.644000,0.00,0.00,0.21,0.00,0,0
2026-06-13T17:51:54.851000,0.00,0.00,0.21,0.00,0,0
2026-06-13T17:51:55.061000,0.00,0.00,0.21,0.00,0,0
2026-06-13T17:51:55.271000,0.00,0.00,0.21,0.00,0,0
2026-06-13T17:51:55.503000,0.00,0.00,0.23,0.00,0,0
2026-06-13T17:51:55.742000,27.90,27.90,0.24,116.74,1,1
2026-06-13T17:51:55.959000,0.00,-27.90,0.22,-128.57,0,0
2026-06-13T17:51:56.172000,0.00,0.00,0.21,0.00,0,0
2026-06-13T17:51:56.387000,0.00,0.00,0.21,0.00,0,0
2026-06-13T17:51:56.597000,0.00,0.00,0.21,0.00,0,0
2026-06-13T17:51:56.804000,0.00,0.00,0.21,0.00,0,0
2026-06-13T17:51:57.013000,0.00,0.00,0.21,0.00,0,0
2026-06-13T17:51:57.222000,0.00,0.00,0.21,0.00,0,0
2026-06-13T17:51:57.430000,0.00,0.00,0.21,0.00,0,0
2026-06-13T17:51:57.653000,0.00,0.00,0.22,0.00,0,0
2026-06-13T17:51:57.878000,0.00,0.00,0.23,0.00,0,0
2026-06-13T17:51:58.095000,0.00,0.00,0.22,0.00,0,0
2026-06-13T17:51:58.314000,0.00,0.00,0.22,0.00,0,0
2026-06-13T17:51:58.545000,0.00,0.00,0.23,0.00,0,0
2026-06-13T17:51:58.776000,18.60,18.60,0.23,80.52,1,1
2026-06-13T17:51:58.979000,0.00,-18.60,0.20,-91.63,0,0
2026-06-13T17:51:59.180000,0.00,0.00,0.20,0.00,0,0
